{"intents": [
    {
        "tag" : "General Selection",
        "patterns" : [
            "How many <OBJ> have <ATTR>",
            "Which <OBJ> has <DESC> <ATTR> from <TEMPORAL> to <TEMPORAL>",
            "How many <OBJ> have <ATTR> <DESC> <MEASUREMENT>",
            "How many <OBJ> have <ATTR> less than <MEASUREMENT> on <TEMPORAL>",
            "How many <OBJ> have <ATTR> less than <MEASUREMENT> <TEMPORAL>",
            "How many <OBJ> <ATTR>",
            "select all <OBJ> with <ATTR> <MEASUREMENT>",
            "select <OBJ> <ATTR> <MEASUREMENT>",
            "all <OBJ> where <ATTR> <MEASUREMENT>",
            "Number of <OBJ> with <ATTR> <MEASUREMENT>",
            "What is the number of <OBJ> with <ATTR>",
            "Which <OBJ> have <ATTR>",
            "What are <OBJ> with <ATTR> <DESC> <MEASUREMENT>",
            "Which <OBJ> has <DESC> <ATTR>",
            "What is the number of <OBJ> that <ATTR> <MEASUREMENT>",
            "Number of <OBJ> with <DESC> <ATTR>",
            "how many <OBJ> <ATTR> <DESC>",
            "which <OBJ> <DESC> <ATTR>",
            "what are the problems of <OBJ> that deliver <DESC> <ATTR> on <OBJ>",
            "No of <OBJ> that deliver <ATTR> <MEASUREMENT>",
            "number of <OBJ> that <ATTR> <MEASUREMENT>",
            "How many <OBJ> are <ATTR>",
            "which <OBJ> <DESC> <ATTR> <TEMPORAL>",
            "what <OBJ> have <ATTR> <MEASUREMENT>",
            "what is the number of <OBJ> with UPH <DESC> <MEASUREMENT>"
        ],
        "responses" : ["General Selection"],
        "context_set" : ""
    },
    {
        "tag" : "Specified Selection",
        "patterns" : [
            "top <QUANTITY> <OBJ> with <ATTR> <MEASUREMENT>",
            "Select <QUANTITY> <OBJ> with <ATTR> <MEASUREMENT>",
            "<QUANTITY> <OBJ> with <ATTR> <MEASUREMENT>",
            "Best performing <OBJ>",
            "<OBJ> with the <DESC> <ATTR> <TEMPORAL>",
            "<OBJ> with the <DESC> <ATTR>",
            "<QUANTITY> <DESC> <ATTR> <OBJ>",
            "<QUANTITY> <OBJ> with <DESC> <ATTR> <TEMPORAL>",
            "<DESC> performing <OBJ>",
            "which <OBJ> produce the <DESC> <ATTR> <TEMPORAL>",
            "choose <QUANTITY> with <DESC> <ATTR>",
            "select <QUANTITY> with <DESC> <ATTR>",
            "<DESC> <OBJ> <TEMPORAL>",
            "<QUANTITY> <OBJ> <ATTR> <DESC> <MEASUREMENT>"
        ],
        "responses" : ["Specified Selection"],
        "context_set" : ""
    }
]
}

