{"intents": [
    {
        "tag" : "Get stats",
        "patterns" : [
            "What is the <ATTR> of <OBJ> on <TEMPORAL>",
            "What is <ATTR>",
            "<ATTR> of <OBJ>",
            "<OBJ> <ATTR>",
            "<OBJ> stats",
            "<OBJ> statistics",
            "<OBJ> properties",
            "what does <OBJ> do",
            "<OBJ>",
            "<ATTR>",
            "<OBJ> <ATTR> <TEMPORAL>",
            "What is <ATTR> for <OBJ>",
            "What is <ATTR> for <OBJ> <TEMPORAL>",
            "What is the <ATTR> of <OBJ> that run <OBJ>",
            "How much did <OBJ> <ATTR> <DIRECTION> on <TEMPORAL>",
            "what is the <DESC> <DIRECTION> of <OBJ> <ATTR> on <TEMPORAL>",
            "<DESC> <ATTR> <OBJ> on <TEMPORAL>",
            "What is the <DIRECTION> <ATTR> between <OBJ> and <OBJ>",
            "What is the <DIRECTION> in <ATTR> for <OBJ> over <TEMPORAL> to <TEMPORAL>",
            "by how much did <OBJ> <ATTR> <DIRECTION> on <TEMPORAL>",
            "<OBJ> <DIRECTION> <ATTR> by how much",
            "<ATTR> <DIRECTION> by how much for <OBJ> from <TEMPORAL>",
            "<ATTR> <OBJ> <DIRECTION> by how much",
            "<ATTR> <OBJ> <DIRECTION> from <TEMPORAL> to <TEMPORAL>",
            "<ATTR> <OBJ> <DIRECTION> <TEMPORAL>",
            "<DIRECTION> <ATTR> <OBJ> <TEMPORAL>",
            "What is the <ATTR> <DIRECTION> for <OBJ>",
            "<OBJ> information",
            "<OBJ> info",
            "<OBJ> info on <TEMPORAL>",
            "what is the <DESC> <DIRECTION> in <ATTR> of <OBJ> <TEMPORAL>",
            "the <DESC> <DIRECTION> in <ATTR> <OBJ>",
            "<OBJ> <ATTR> <DESC> <DIRECTION> <TEMPORAL>",
            "what is the <DIRECTION> in <ATTR> for <OBJ> <TEMPORAL>",
            "what is the <DIRECTION> of <ATTR> <OBJ> from <TEMPROAL> to <TEMPORAL>",
            "<DIRECTION> in <ATTR> of <OBJ> from <TEMPORAL> to <TEMPORAL>",
            "<OBJ> <ATTR> <DIRECTION> by how much",
            "<OBJ> <ATTR> <DIRECTION> <TEMPORAL>",
            "what is the <DIRECTION> in <ATTR> <OBJ>",
            "what is the <DESC> <DIRECTION> in <ATTR> <OBJ>",
            "<DESC> <DIRECTION> <ATTR> <OBJ>"
        ],
        "responses" : ["Check production statistics"],
        "context_set" : ""
    },
    {
        "tag" : "Select object",
        "patterns" : [
            "select all <OBJ> with <ATTR> <MEASUREMENT>",
            "select <OBJ> <ATTR> <MEASUREMENT>",
            "all <OBJ> where <ATTR> <MEASUREMENT>",
            "Number of <OBJ> with <ATTR> <MEASUREMENT>",
            "Which <OBJ> have <ATTR>",
            "Number of <OBJ>",
            "which <OBJ>",
            "No of <OBJ> that deliver <ATTR> <MEASUREMENT>",
            "How many <OBJ> are <ATTR>",
            "which <OBJ> <DESC> <ATTR> <TEMPORAL>",
            "what <OBJ> have <ATTR> <MEASUREMENT>",
            "which <OBJ> <ATTR> <DIRECTION> <DESC> <MEASUREMENT> <TEMPORAL>",
            "top <QUANTITY> <OBJ> <ATTR> <DESC> <QUANTITY>",
            "which <OBJ> <ATTR> <DIRECTION> by <DESC> <TEMPORAL>",
            "select <OBJ> <ATTR> <DIRECTION> <DESC>",
            "<QUANTITY> <OBJ> <ATTR> <DESC> <MEASUREMENT>",
            "how many <OBJ> have <ATTR> <DESC> <QUANTITY>",
            "which <OBJ> <DIRECTION> in <ATTR>",
            "<OBJ> with <ATTR> <DESC> <DIRECTION> <MEASUREMENT> <TEMPORAL>",
            "all the <OBJ> with <ATTR> <DESC> <MEASUREMENT>",
            "<OBJ> with <ATTR> <DESC> <MEASUREMENT>",
            "what is the <DESC> performing <OBJ> <TEMPORAL>",
            "which is the <DESC> performing <OBJ>",
            "<OBJ> <ATTR> <DESC> <MEASUREMENT>",
            "which <OBJ> <ATTR> <DIRECTION> by <MEASUREMENT> <TEMPORAL>",
            "which <OBJ> has <DESC> <DIRECTION> in <ATTR> <TEMPORAL>",
            "what is the top <QUANTITY> of <OBJ> with <DESC> <ATTR> <TEMPORAL>",
            "<DESC> <OBJ> <ATTR> <TEMPORAL>",
            "which <OBJ> <DIRECTION> <ATTR> by <MEASUREMENT>",
            "how many <OBJ> <DIRECTION> in <ATTR> <TEMPORAL>",
            "how many <OBJ> <DIRECTION> in <ATTR>",
            "what is the number of <OBJ> that <DIRECTION> in <ATTR>",
            "number of <OBJ> with <ATTR> <DESC> <MEASUREMENT>",
            "how many <OBJ> <ATTR> <DESC> <MEASUREMENT>",
            "which <OBJ> <ATTR> <DESC> <MEASUREMENT>"
        ],
        "responses" : ["Select object"],
        "context_set" : ""
    },
    {
        "tag" : "Reason",
        "patterns" : [
            "what are the problems of <OBJ>",
            "what problems <OBJ>",
            "Why did <OBJ> <ATTR> <DIRECTION> by <DESC> <MEASUREMENT>",
            "why <OBJ> <ATTR> <DIRECTION> by <MEASUREMENT>",
            "What is the cause of <ATTR> <DIRECTION> <OBJ>",
            "What cause <ATTR> to <DIRECTION> for <OBJ>",
            "Get the cause of <DIRECTION> in <OBJ> <ATTR>",
            "Reason for <DIRECTION> in <OBJ> <ATTR>",
            "<ATTR> for <OBJ> is caused by what",
            "what is reason for",
            "how come <OBJ> <ATTR> <DIRECTION> by <DESC> ",
            "why did <ATTR> of <OBJ> <DIRECTION> by <MEASUREMENT>",
            "why did <ATTR> of <OBJ> <DIRECTION> by <MEASUREMENT> <TEMPORAL>",
            "why did <ATTR> of <OBJ> <DIRECTION> by <DESC> <MEASUREMENT> <TEMPORAL>",
            "reason for <ATTR> <DIRECTION> <OBJ> <TEMPORAL>",
            "<DIRECTION> in <ATTR> of <OBJ> caused by what",
            "what problems are cause <OBJ> <ATTR> to <DIRECTION> by <DESC> <MEASUREMENT> <TEMPORAL>",
            "cause of <OBJ> <ATTR> <DIRECTION> <TEMPORAL>",
            "why <OBJ> <ATTR> <DIRECTION>",
            "<OBJ> <ATTR> <DIRECTION> reason",
            "<OBJ> <ATTR> <DIRECTION> <TEMPORAL> why",
            "what could be the cause of <OBJ> <ATTR> <DIRECTION> <TEMPORAL>"
        ],
        "responses" : ["Reason"],
        "context_set" : ""
    }
]
}

