{"intents": [
    {
        "tag" : "Stats",
        "patterns" : [
            "What is the <ATTR> of <OBJ> on <TEMPORAL>",
            "What is the <ATTR> of <OBJ> from <TEMPORAL> to <TEMPORAL>",
            "<ATTR> of <OBJ>",
            "<OBJ> <ATTR>",
            "<OBJ> stats",
            "<OBJ> statistics",
            "Show <ATTR> running on <OBJ>",
            "<OBJ> <ATTR> <TEMPORAL>",
            "What is <ATTR> for <OBJ>",
            "What is <ATTR> for <TEMPORAL>",
            "What is the <ATTR> of <OBJ> that run <OBJ>"
        ],
        "responses" : ["Stats"]
    },
    {
        "tag" : "Stats Compare",
        "patterns" : [
            "What is the <DIRECTION> <ATTR> between <OBJ> and <OBJ>",
            "What is the <DIRECTION> in <ATTR> for <OBJ> over <TEMPORAL> to <TEMPORAL>",
            "How much did <ATTR> <DIRECTION> for <OBJ>",
            "<OBJ> <DIRECTION> <ATTR> by how much",
            "<ATTR> <DIRECTION> by how much for  <OBJ> from <TEMPORAL>",
            "<ATTR> <OBJ> <DIRECTION> by how much",
            "<ATTR> <OBJ> change from <TEMPORAL> to <TEMPORAL>",
            "<ATTR> <OBJ> <DIRECTION> <TEMPORAL>",
            "<DIRECTION> <ATTR> <OBJ> <TEMPORAL>",
            "what is the <DIRECTION> in <ATTR> <OBJ>",
            "What is the <ATTR> <DIRECTION> for <OBJ>",
            "How much did <OBJ> <ATTR> <DIRECTION> on <TEMPORAL>",
            "how much <OBJ> <ATTR> <DIRECTION>"
        ],
        "responses" : ["Stats Compare"]
    },
    {
        "tag" : "Stats Specific Change",
        "patterns" : [
            "what is the <DESC> <DIRECTION> of <OBJ> <ATTR> on <TEMPORAL>",
            "<DESC> <ATTR> <OBJ> on <TEMPORAL>",
            "<DESC> <DIRECTION> <ATTR> <OBJ>",
            "<OBJ> <ATTR> <DESC> <DIRECTION> <TEMPORAL>",
            "how much is the <DESC> <DIRECTION> for <OBJ> <ATTR> <TEMPORAL>"
        ],
        "responses" : ["Stats Specific Change"]
    },
    {
        "tag" : "Basic Information",
        "patterns" : [
            "<OBJ> information",
            "<OBJ> info",
            "What are the materials used in this <OBJ>",
            "<OBJ> properties",
            "<OBJ>",
            "<ATTR>",
            "What does <OBJ> do"
        ],
        "responses" : ["Basic Information"]
    }
]
}

